Workbook

Sheet DESEMPENO_UAV
A1: ANÁLISIS DE DESEMPEÑO DE PLATAFORMAS UAV
A2: Simbología | B2: Características | C2: Foam Board (Manual) | D2: Foam Board (Auto) | E2: Reno L250 (Auto) | F2: Foam Board (2200KV Variant)
A3: 1. DATOS FÍSICOS Y GEOMETRÍA (ENTRADAS CAD)
A4: b | B4: Envergadura (m) | C4: 1.05 | D4: 1.058 | E4: 1.143 | F4: 1.058
A5: S | B5: Área Alar (m²) | C5: 0.1699 | D5: 0.1699 | E5: 0.23 | F5: 0.1699
A6: L | B6: Longitud aproximada (m) | C6: 0.8 | D6: 0.81 | E6: 0.88 | F6: 0.81
A7: c | B7: Cuerda media (MAC, m) | C7: 0.155 | D7: 0.155 | E7: 0.201 | F7: 0.155
A8: AR | B8: Relación de Aspecto (Aspect Ratio) | C8: =C4^2/C5 -> 6.4891112 | D8: =D4^2/D5 -> 6.5883696 | E8: =E4^2/E5 -> 5.680213 | F8: =F4^2/F5 -> 6.5883696
A9: 2. SISTEMA DE PROPULSIÓN Y BATERÍA (ENTRADAS ESPECIFICACIONES)
A10: - | B10: Modelo del Motor Brushless | C10: A2212 1000KV | D10: A2212 1000KV | E10: KingVal 3548 1100KV | F10: 2206 2200KV
A11: - | B11: Variador de velocidad (ESC) | C11: ESC 30A | D11: ESC 30A | E11: ESC 60A | F11: ESC 30A
A12: - | B12: Hélice seleccionada | C12: 10x4.5 | D12: 10x4.5 | E12: 12x6 | F12: 5x4.5
A13: Vbatt | B13: Voltaje nominal de batería (V) | C13: 11.1 | D13: 11.1 | E13: 11.1 | F13: 11.1
A14: C | B14: Capacidad de la batería (Ah) | C14: 2.2 | D14: 2.2 | E14: 2.2 | F14: 2.2
A15: E | B15: Energía total nominal (Wh) | C15: =C13*C14 -> 24.42 | D15: =D13*D14 -> 24.42 | E15: =E13*E14 -> 24.42 | F15: =F13*F14 -> 24.42
A16: Tkg | B16: Empuje máximo estático (kg) | C16: 0.885 | D16: 0.885 | E16: 2.218 | F16: 1.02
A17: I_cruise | B17: Corriente promedio en crucero (A) | C17: 10 | D17: 10 | E17: 20 | F17: 17
A18: I_max | B18: Corriente en máxima aceleración (A) | C18: 20 | D18: 20 | E18: 42 | F18: 25
A19: I_elec | B19: Consumo electrónica + servos (A) | C19: 1.1 | D19: 1.1 | E19: 4 | F19: 1.1
A20: 3. CONSTANTES OPERATIVAS Y LÍMITES
A21: g | B21: Aceleración de gravedad (g, m/s²) | C21: 9.81 | D21: 9.81 | E21: 9.81 | F21: 9.81
A22: ρ | B22: Densidad del aire (mar, ISA, kg/m³) | C22: 1.225 | D22: 1.225 | E22: 1.225 | F22: 1.225
A23: CLmax | B23: Coeficiente de Sustentación máximo | C23: 0.9 | D23: 0.9 | E23: 1.2 | F23: 0.9
A24: CL_CFD | B24: Coeficiente sustentación pérdida (CFD) | C24: 0.9 | D24: 0.9 | E24: N/A | F24: 0.9
A25: 4. ANÁLISIS DINÁMICO Y DESEMPEÑO CALCULADO
A26: m | B26: Masa total al despegue (MTOW, kg) | C26: =MATERIALES_USA!E17/1000 -> #REF! | D26: =MATERIALES_USA!J17/1000 -> #REF! | E26: =MATERIALES_USA!O17/1000 -> #REF! | F26: =MATERIALES_USA!T17/1000 -> #REF!
A27: W | B27: Peso total estimado (W, N) | C27: =C26*C21 -> #REF! | D27: =D26*D21 -> #REF! | E27: =E26*E21 -> #REF! | F27: =F26*F21 -> #REF!
A28: Vstall | B28: Velocidad de pérdida de diseño (m/s) | C28: =SQRT((2*C27)/(C22*C5*C23)) -> #REF! | D28: =SQRT((2*D27)/(D22*D5*D23)) -> #REF! | E28: =SQRT((2*E27)/(E22*E5*E23)) -> #REF! | F28: =SQRT((2*F27)/(F22*F5*F23)) -> #REF!
A29: Vstall_k | B29: Velocidad de pérdida de diseño (km/h) | C29: =C28*3.6 -> #REF! | D29: =D28*3.6 -> #REF! | E29: =E28*3.6 -> #REF! | F29: =F28*3.6 -> #REF!
A30: Vstall_CFD | B30: Velocidad de pérdida según CFD (m/s) | C30: =SQRT((2*C27)/(C22*C5*C24)) -> #REF! | D30: =SQRT((2*D27)/(D22*D5*D24)) -> #REF! | E30: N/A | F30: =SQRT((2*F27)/(F22*F5*F24)) -> #REF!
A31: WL | B31: Carga Alar de Operación (g/dm²) | C31: =C26*10/C5 -> #REF! | D31: =D26*10/D5 -> #REF! | E31: =E26*10/E5 -> #REF! | F31: =F26*10/F5 -> #REF!
A32: T/W_max | B32: Relación Empuje/Peso Máxima | C32: =C16/C26 -> #REF! | D32: =D16/D26 -> #REF! | E32: =E16/E26 -> #REF! | F32: =F16/F26 -> #REF!
A33: t_th | B33: Autonomía Teórica en crucero (min) | C33: =(C14/(C17+C19))*60 -> 11.891892 | D33: =(D14/(D17+D19))*60 -> 11.891892 | E33: =(E14/(E17+E19))*60 -> 5.5 | F33: =(F14/(F17+F19))*60 -> 7.2928177
A34: t_pr | B34: Autonomía Práctica en crucero (70%, min) | C34: =C33*0.7 -> 8.3243243 | D34: =D33*0.7 -> 8.3243243 | E34: =E33*0.7 -> 3.85 | F34: =F33*0.7 -> 5.1049724
A35: t_th_max | B35: Autonomía Teórica al 100% Throttle (min) | C35: =(C14/(C18+C19))*60 -> 6.2559242 | D35: =(D14/(D18+D19))*60 -> 6.2559242 | E35: =(E14/(E18+E19))*60 -> 2.8695652 | F35: =(F14/(F18+F19))*60 -> 5.0574713
A36: t_pr_max | B36: Autonomía Práctica al 100% Throttle (min) | C36: =C35*0.7 -> 4.3791469 | D36: =D35*0.7 -> 4.3791469 | E36: =E35*0.7 -> 2.0086957 | F36: =F35*0.7 -> 3.5402299
A37: P_cruise | B37: Potencia requerida en crucero (W) | C37: =C13*C17 -> 111 | D37: =D13*D17 -> 111 | E37: =E13*E17 -> 222 | F37: =F13*F17 -> 188.7
A38: P_max | B38: Potencia máxima de propulsión (W) | C38: =C13*C18 -> 222 | D38: =D13*D18 -> 222 | E38: =E13*E18 -> 466.2 | F38: =F13*F18 -> 277.5
A39: V_cruise_rec | B39: Velocidad de crucero recomendada (m/s) | C39: =1.3*C28 -> #REF! | D39: =1.3*D28 -> #REF! | E39: =1.3*E28 -> #REF! | F39: =1.3*F28 -> #REF!
A40: - | B40: Costo total importado (USD) | C40: =MATERIALES_USA!E29 -> #REF! | D40: =MATERIALES_USA!J29 -> #REF! | E40: =MATERIALES_USA!O29 -> #REF! | F40: =MATERIALES_USA!T29 -> #REF!

Sheet Materiales
A1: Foam Board con Pixhawk
A2: Objeto | B2: Cantidad | C2: Peso gr | D2: Peso total gr | E2: Precio u. | F2: Precio total | G2: Especificaciones | H2: Referencia
A3: Fuselage/Structure | B3: 2 | C3: 100 | D3: =C3*B3 -> 200 | E3: 5 | F3: =E3*B3 -> 10 | G3: Cartón Pluma Blanco 5mm 70cmx100cm 058-0048 (X2) | H3: https://www.amazon.com/-/es/pulgadas-unidades-manualidades-pinturas-impresiones/dp/B071RZGWNQ?ref_=ast_slp_dp&th=1&psc=1
A4: Brushless Motor | B4: 1 | C4: 54 | D4: =C4*B4 -> 54 | E4: 14 | F4: =E4*B4 -> 14 | G4: Motor Brushless A2212 1000kv | H4: Amazon.com: Hobbymall A2212 1000KV Motor sin escobillas 13T con conectores banana macho de 0.138 in para aviones RC Multi-Copter Quadcopter Drone (1PC) : Juguetes y Juegos
A5: ESC | B5: 1 | C5: 25 | D5: =C5*B5 -> 25 | E5: 10 | F5: =E5*B5 -> 10 | G5: Controlador Motor Brushless Esc 30a Esc30a Drone | H5: Amazon.com: Motor sin escobillas ESC 30A controlador de velocidad eléctrico con altas RPM múltiples protecciones para drones RC coches y amplias aplicaciones : Juguetes y Juegos
A6: Propeller | B6: 1 | C6: 22 | D6: =C6*B6 -> 22 | E6: 5 | F6: =E6*B6 -> 5 | G6: Hélices 1045 Dron 10 Pulgadas | H6: Amazon.com: uxcell RC Propellers CW CCW 1045 10x4.5 pulgadas 2 paletas de ala fija para juguete de avión, nailon negro, 4 pares con anillos adaptadores : Herramientas y Mejoras del Hogar
A7: LiPo 3S Battery | B7: 1 | C7: 183 | D7: =C7*B7 -> 183 | E7: 20 | F7: =E7*B7 -> 20 | G7: Batería de Lipo litio 11.1V 3S 2200mAh 35C | H7: https://www.amazon.com/-/es/Bater%C3%ADa-2200mAh-conector-helic%C3%B3ptero-Quadcopter/dp/B077P73SDS/ref=sr_1_5?__mk_es_US=%C3%85M%C3%85%C5%BD%C3%95%C3%91&crid=1W30CGE162N9L&dib=eyJ2IjoiMSJ9.YScbcjzazWdYaomMKiJA4d9_MebqxJe3w6yQoeDZt4n1utJKXnGMqznyLX9sds3NEr538Gs9q0SYPiuHnJAE7H6_jDBqlSl9X64sjwhWrjNE9srawD15nD2ckXXbjteGGt7Sp4EqabVFFPeWYMUMKKeVKp-0dxvFLW-1X2JPCnIuIYbJIa8tSul2ivi6PeZcyv3LkDPDozAkibV_u1o2LHjv37jf8dnR9EYgZ7L5AgR8MY-dZ8tuBNTiVg3ETu6zBGrOtQ_477l7VRrXSkvJrKjrSDkuMjlAWJOHgnKa0N0.kxy5iFw4FSPeHrc1lZjVhI3zmXlvmKtY44eVXXTicOY&dib_tag=se&keywords=OVONIC%2B3s%2BLipo%2BBater%C3%ADa&qid=1762479898&sprefix=ovonic%2B4s%2Blipo%2Bbater%C3%ADa%2B%2Caps%2C194&sr=8-5&th=1
A8: Servomotors | B8: 4 | C8: 10 | D8: =C8*B8 -> 40 | E8: 2.5 | F8: =E8*B8 -> 10 | G8: Servo Motor SG90 Tower Pro 180 grados 9g | H8: Amazon.com: 2 unids SG90 Micro servo motor 180 grados SG90 9G Gear Motor Control para Arduino Raspberry Pi RC Car Toy Robot Helicóptero Avión Controles Coche Barco DIY : Juguetes y Juegos
A9: Pixhawk 2.4.8 | B9: 1 | C9: 55 | D9: =C9*B9 -> 55 | E9: 200 | F9: =E9*B9 -> 200 | G9: Pixhawk PX4 2.4.8 Controlador de vuelo | H9: Amazon.com: Pixhawk PX4 2.4.8 Controlador de vuelo, piloto automático de código abierto de 32 bits con módulo de potencia, interruptor de seguridad, zumbador, tarjeta SD y amortiguación de vibraciones (GPS no incluido) para avión RC Drone FPV DIY : Juguetes y Juegos
A10: GPS NEO-M8N | B10: 1 | C10: 20 | D10: =C10*B10 -> 20 | E10: 40 | F10: =E10*B10 -> 40 | G10: NEO-M8N - GNSS | H10: Amazon.com: Readytosky Módulo GPS M8N Brújula incorporada con soporte de antena GPS para controlador de vuelo estándar Pixhawk 2.4.6 2.4.8 APM 2.6 2.8 : Juguetes y Juegos
A11: Transmisor RC | B11: 1 | C11: 0 | D11: =C11*B11 -> 0 | E11: 60 | F11: =E11*B11 -> 60 | G11: Flysky FS-i6X - Transmisor RC de 6-10 (predeterminado 6) | H11: Amazon.com: Flysky FS-i6X - Transmisor RC de 6-10 (predeterminado 6) canales, 2.4GHz AFHDS con receptor FS-iA6B : Juguetes y Juegos
A12: Receptor RC | B12: 1 | C12: 15 | D12: =C12*B12 -> 15 | E12: 24 | F12: =E12*B12 -> 24 | G12: DTXMX Flysky FS-iA10B Receptor 10 canales 2.4GH | H12: Amazon.com: DTXMX Flysky FS-iA10B Receptor 10 canales 2.4GHz AFHDS 2A con salida PPM/iBUS/PWM adecuado para transmisor de radio RC FS-I6X FS-I6 I6S controlador RC : Juguetes y Juegos
A13: Power Module | B13: 1 | C13: 30 | D13: =C13*B13 -> 30 | E13: 15 | F13: =E13*B13 -> 15 | G13: APM 2.5 2.6 2.8 para módulo de potencia Pixhawk 30V 90A con 5.3V DC | H13: Amazon.com: APM 2.5 2.6 2.8 para módulo de potencia Pixhawk 30V 90A con 5.3V DC BEC con enchufe T XT60 para RC Drone Helicopter Part Quadcopters Accesorios (XT60) : Industrial y Científico
B14: =SUM(B3:B13) -> 15 | D14: =SUM(D3:D13) -> 644 | F14: =SUM(F3:F13) -> 408
A16: Foam Board sin Pixhawk
A17: Objeto | B17: Cantidad | C17: Peso gr | D17: Peso total gr | E17: Precio u. | F17: Precio total | G17: Especificaciones | H17: Referencia
A18: Fuselage/Structure | B18: 2 | C18: 100 | D18: =C18*B18 -> 200 | E18: 5 | F18: =E18*B18 -> 10 | G18: Cartón Pluma Blanco 5mm 70cmx100cm 058-0048 (X2) | H18: https://www.amazon.com/-/es/pulgadas-unidades-manualidades-pinturas-impresiones/dp/B071RZGWNQ?ref_=ast_slp_dp&th=1&psc=1
A19: Brushless Motor | B19: 1 | C19: 54 | D19: =C19*B19 -> 54 | E19: 14 | F19: =E19*B19 -> 14 | G19: Motor Brushless A2212 1000kv | H19: Amazon.com: Hobbymall A2212 1000KV Motor sin escobillas 13T con conectores banana macho de 0.138 in para aviones RC Multi-Copter Quadcopter Drone (1PC) : Juguetes y Juegos
A20: ESC | B20: 1 | C20: 25 | D20: =C20*B20 -> 25 | E20: 10 | F20: =E20*B20 -> 10 | G20: Controlador Motor Brushless Esc 30a Esc30a Drone | H20: Amazon.com: Motor sin escobillas ESC 30A controlador de velocidad eléctrico con altas RPM múltiples protecciones para drones RC coches y amplias aplicaciones : Juguetes y Juegos
A21: Propeller | B21: 1 | C21: 22 | D21: =C21*B21 -> 22 | E21: 5 | F21: =E21*B21 -> 5 | G21: Hélices 1045 Dron 10 Pulgadas | H21: Amazon.com: uxcell RC Propellers CW CCW 1045 10x4.5 pulgadas 2 paletas de ala fija para juguete de avión, nailon negro, 4 pares con anillos adaptadores : Herramientas y Mejoras del Hogar
A22: LiPo 3S Battery | B22: 1 | C22: 183 | D22: =C22*B22 -> 183 | E22: 20 | F22: =E22*B22 -> 20 | G22: Batería de Lipo litio 11.1V 3S 2200mAh 35C | H22: https://www.amazon.com/-/es/Bater%C3%ADa-2200mAh-conector-helic%C3%B3ptero-Quadcopter/dp/B077P73SDS/ref=sr_1_5?__mk_es_US=%C3%85M%C3%85%C5%BD%C3%95%C3%91&crid=1W30CGE162N9L&dib=eyJ2IjoiMSJ9.YScbcjzazWdYaomMKiJA4d9_MebqxJe3w6yQoeDZt4n1utJKXnGMqznyLX9sds3NEr538Gs9q0SYPiuHnJAE7H6_jDBqlSl9X64sjwhWrjNE9srawD15nD2ckXXbjteGGt7Sp4EqabVFFPeWYMUMKKeVKp-0dxvFLW-1X2JPCnIuIYbJIa8tSul2ivi6PeZcyv3LkDPDozAkibV_u1o2LHjv37jf8dnR9EYgZ7L5AgR8MY-dZ8tuBNTiVg3ETu6zBGrOtQ_477l7VRrXSkvJrKjrSDkuMjlAWJOHgnKa0N0.kxy5iFw4FSPeHrc1lZjVhI3zmXlvmKtY44eVXXTicOY&dib_tag=se&keywords=OVONIC%2B3s%2BLipo%2BBater%C3%ADa&qid=1762479898&sprefix=ovonic%2B4s%2Blipo%2Bbater%C3%ADa%2B%2Caps%2C194&sr=8-5&th=1
A23: Servomotors | B23: 4 | C23: 10 | D23: =C23*B23 -> 40 | E23: 2.5 | F23: =E23*B23 -> 10 | G23: Servo Motor SG90 Tower Pro 180 grados 9g | H23: Amazon.com: 2 unids SG90 Micro servo motor 180 grados SG90 9G Gear Motor Control para Arduino Raspberry Pi RC Car Toy Robot Helicóptero Avión Controles Coche Barco DIY : Juguetes y Juegos
A24: Pixhawk 2.4.8 | B24: 0 | C24: 55 | D24: =C24*B24 -> 0 | E24: 200 | F24: =E24*B24 -> 0 | G24: Pixhawk PX4 2.4.8 Controlador de vuelo | H24: Amazon.com: Pixhawk PX4 2.4.8 Controlador de vuelo, piloto automático de código abierto de 32 bits con módulo de potencia, interruptor de seguridad, zumbador, tarjeta SD y amortiguación de vibraciones (GPS no incluido) para avión RC Drone FPV DIY : Juguetes y Juegos
A25: GPS NEO-M8N | B25: 0 | C25: 20 | D25: =C25*B25 -> 0 | E25: 40 | F25: =E25*B25 -> 0 | G25: NEO-M8N - GNSS | H25: Amazon.com: Readytosky Módulo GPS M8N Brújula incorporada con soporte de antena GPS para controlador de vuelo estándar Pixhawk 2.4.6 2.4.8 APM 2.6 2.8 : Juguetes y Juegos
A26: Transmisor RC | B26: 1 | C26: 0 | D26: =C26*B26 -> 0 | E26: 60 | F26: =E26*B26 -> 60 | G26: Flysky FS-i6X - Transmisor RC de 6-10 (predeterminado 6) | H26: Amazon.com: Flysky FS-i6X - Transmisor RC de 6-10 (predeterminado 6) canales, 2.4GHz AFHDS con receptor FS-iA6B : Juguetes y Juegos
A27: Receptor RC | B27: 1 | C27: 15 | D27: =C27*B27 -> 15 | E27: 24 | F27: =E27*B27 -> 24 | G27: DTXMX Flysky FS-iA10B Receptor 10 canales 2.4GH | H27: Amazon.com: DTXMX Flysky FS-iA10B Receptor 10 canales 2.4GHz AFHDS 2A con salida PPM/iBUS/PWM adecuado para transmisor de radio RC FS-I6X FS-I6 I6S controlador RC : Juguetes y Juegos
A28: Power Module | B28: 0 | C28: 30 | D28: =C28*B28 -> 0 | E28: 15 | F28: =E28*B28 -> 0 | G28: APM 2.5 2.6 2.8 para módulo de potencia Pixhawk 30V 90A con 5.3V DC | H28: Amazon.com: APM 2.5 2.6 2.8 para módulo de potencia Pixhawk 30V 90A con 5.3V DC BEC con enchufe T XT60 para RC Drone Helicopter Part Quadcopters Accesorios (XT60) : Industrial y Científico
B29: =SUM(B18:B28) -> 12 | D29: =SUM(D18:D28) -> 539 | F29: =SUM(F18:F28) -> 153

Sheet AERODINAMICA_CFD
A1: CARACTERIZACIÓN AERODINÁMICA MEDIANTE CFD (SOLIDWORKS)
A2: Coeficientes longitudinales del Foam Board (crucero constante V = 15 m/s, q = 137.81 Pa, S = 0.1699 m²)
A3: Ángulo de Ataque (AoA, α) | B3: Coeficiente Sustentación (CL) | C3: Coeficiente Arrastre (CD) | D3: Coeficiente Momento (Cm @ CG) | E3: Eficiencia Aerodinámica (L/D)
A4: 0 | B4: 0.008 | C4: 0.155 | D4: 0.057 | E4: =B4/C4 -> 0.051612903
A5: 5 | B5: 0.245 | C5: 0.104 | D5: 0.039 | E5: =B5/C5 -> 2.3557692
A6: 10 | B6: 0.459 | C6: 0.128 | D6: 0.107 | E6: =B6/C6 -> 3.5859375
A7: 15 | B7: 0.719 | C7: 0.244 | D7: 0.119 | E7: =B7/C7 -> 2.9467213
A8: 20 | B8: 0.9 | C8: 0.367 | D8: 0.174 | E8: =B8/C8 -> 2.4523161
A10: DERIVADAS DE ESTABILIDAD Y COMPORTAMIENTO LONGITUDINAL
A11: Pendiente de Sustentación (Linear CL_alpha) | C11: CL_alpha | D11: 2.71
A12: Gradiente de Momento de Cabeceo (Cm_alpha) | C12: Cm_alpha | D12: -0.205
A13: Margen Estático de Diseño (Static Margin, SM) | C13: SM | D13: 0.075
